basecalls,called peaks
N-9,A12
N11,C17
N25,T24
N35,G35
N48,C37
N63,T48
N76,C60
N89,G62
N102,A76
N113,T89
N125,A99
N138,G114
N150,A136
N160,G150
C172,T160
G185,C172
A197,A197
G209,G209
G223,G222
C234,C234
C246,C245
G258,A272
A271,A307
A281,T324
G293,T337
A307,T349
A315,G364
T324,C386
T337,G400
T349,C412
G364,G424
A376,G439
C387,A452
G401,G462
C412,G476
G425,C487
G439,C498
A453,G512
G462,T524
G476,C536
C487,G548
C499,G563
G512,T576
T524,C587
C537,G600
G549,G614
G563,A627
T576,T636
C588,G648
G600,G662
G614,A674
A627,C683
T636,C695
G649,A705
G662,C716
A675,A727
C684,G739
C696,G753
A705,G765
C716,A781
A727,C790
G739,A801
G753,G813
G765,A826
A781,G838
C791,A851
A801,T860
G813,C873
A827,A883
G838,T894
A852,T908
T861,C920
C873,G933
A883,T946
T894,G958
T908,G972
C920,G985
G934,A997
T946,A1008
G959,T1017
G972,G1030
G985,T1041
A998,T1054
A1008,C1065
T1018,T1078
G1030,G1091
T1041,G1104
T1054,T1116
C1066,T1128
T1078,G1140
G1091,A1152
G1104,C1162
T1116,A1172
T1128,G1184
G1140,C1197
A1152,T1210
C1162,C1222
A1172,A1232
G1185,A1243
C1197,A1254
T1210,C1266
C1222,C1278
A1232,G1291
A1243,G1304
A1254,C1316
C1266,T1330
C1278,G1341
G1291,C1353
G1304,C1365
C1317,T1378
T1330,C1389
G1341,C1401
C1353,A1411
C1365,G1422
T1378,C1435
C1389,G1447
C1401,A1461
A1411,G1472
G1423,C1484
C1435,T1497
G1448,C1508
A1461,C1519
G1472,A1530
C1484,C1540
T1497,A1551
C1508,G1563
C1520,G1564
A1530,C1577
C1541,C1590
A1552,A1600
G1564,G1612
C1577,C1626
C1590,A1638
A1600,G1649
G1613,T1663
C1626,T1675
A1638,T1687
G1650,G1699
T1663,A1712
T1675,G1723
T1687,G1736
G1699,A1749
A1712,A1760
G1724,A1771
G1737,A1782
A1749,G1794
A1760,A1806
A1771,G1818
A1782,T1829
G1794,G1841
A1806,G1854
G1818,C1865
T1829,C1878
G1842,A1888
G1854,A1889
C1866,G1901
C1878,C1913
A1889,T1927
G1901,G1938
C1913,T1951
T1927,T1964
G1939,T1976
T1952,A1986
T1964,C1997
T1976,C2009
A1987,A2019
C1997,A2031
C2009,G2043
A2020,G2056
A2031,C2069
G2044,A2080
G2056,G2092
C2069,G2105
A2081,A2118
G2093,A2130
G2105,C2140
A2119,G2153
A2130,A2165
C2141,A2178
G2153,C2189
A2166,G2202
A2179,C2214
C2190,C2226
G2202,A2237
C2214,C2248
C2227,C2261
A2237,A2272
C2249,C2283
C2261,C2296
A2272,A2307
C2284,A2319
C2296,A2331
A2307,G2343
A2319,G2355
A2331,G2368
G2343,C2380
G2355,A2391
G2368,G2403
C2380,G2416
A2392,T2428
G2403,A2439
G2416,G2451
T2428,T2464
A2440,G2475
G2451,G2488
T2464,A2500
G2475,A2512
G2488,G2523
A2501,C2535
A2512,G2547
G2524,G2560
C2535,C2571
G2548,C2584
G2560,C2596
C2572,T2609
C2585,C2620
C2596,G2632
T2609,C2645
C2621,G2657
G2632,G2669
C2645,T2682
G2657,C2693
G2670,C2704
T2682,T2717
C2693,C2728
C2705,G2740
T2717,C2752
C2728,T2765
G2740,G2776
C2752,C2788
T2765,G2800
G2776,C2812
C2788,T2825
G2800,C2836
C2812,G2848
T2825,G2861
C2836,G2873
G2848,G2884
G2861,C2897
G2873,T2910
G2885,G2921
C2898,A2934
T2910,A2945
G2921,T2956
A2934,C2968
A2945,G2981
T2956,A2993
C2968,T3004
G2981,C3016
A2993,T3028
T3004,G3040
C3016,G3053
T3028,G3065
G3041,T3077
G3053,C3089
G3066,A3099
T3078,A3111
C3089,A3122
A3100,G3134
A3111,G3147
A3122,C3158
G3134,C3170
G3147,T3183
C3159,C3195
C3171,G3207
T3184,A3221
C3196,C3231
G3208,G3243
A3221,T3256
C3232,C3268
G3244,C3280
T3256,T3292
C3268,T3304
C3280,G3316
T3292,A3329
T3304,A3340
G3316,C3351
A3329,A3362
A3340,C3373
C3351,A3384
A3362,G3396
C3373,C3409
A3384,C3422
G3397,G3434
C3409,A3448
C3422,G3459
G3435,G3471
A3447,T3484
G3459,G3496
G3472,T3507
T3484,C3519
G3496,A3530
T3508,T3542
C3519,G3554
A3530,G3567
T3542,G3580
G3554,T3592
G3567,G3604
G3580,T3616
T3592,C3627
G3604,G3640
T3616,C3651
C3628,G3664
G3640,G3678
C3652,A3691
G3665,T3702
G3678,A3713
A3691,C3724
T3702,T3736
A3713,G3749
C3724,T3761
T3737,A3773
G3749,C3784
T3762,A3795
A3773,T3807
C3785,C3820
A3796,A3831
T3807,C3843
C3820,A3854
A3831,C3866
C3843,T3880
A3854,C3892
C3866,C3905
T3880,A3916
C3893,G3928
C3905,C3940
A3916,C3953
G3928,T3965
C3941,T3978
C3953,T3990
T3966,A4001
T3978,G4013
T3990,G4025
A4002,A4038
G4013,A4050
G4026,C4060
A4038,C4073
A4050,T4085
C4061,G4098
C4073,A4098
T4086,A4111
G4099,A4124
A4112,C4134
A4123,T4146
C4134,C4158
T4147,C4170
C4159,C4182
C4171,T4195
C4182,G4207
T4195,A4220
G4207,G4231
A4220,G4244
G4231,A4256
G4244,G4266
A4256,C4277
G4266,A4286
C4276,G4295
A4284,A4303
G4294,T4311
A4303,G4323
T4312,A4347
G4323,C4361
N4351,A4374
C4363,A4386
A4374,T4399
A4387,T4400
T4400,A4412
A4412,G4424
G4424,A4437
A4437,A4449
